OTHER_PAGE,0,SKU,53,OTHER_PAGE,442,SKU,528,SKU,541,SKU,545,OTHER_PAGE,668,OTHER_PAGE,686,0
OTHER_PAGE,0,OTHER_PAGE,17,CLASS,53,CLASS,96,CART,180,CART,631,CART,641,OTHER_PAGE,647,1
OTHER_PAGE,0,OTHER_PAGE,891,OTHER_PAGE,891,SKU,899,SKU,899,CART,937,CART,949,CART,973,0
OTHER_PAGE,0,SEARCH_RESULTS,7,OTHER_PAGE,726,SEARCH_RESULTS,731,SEARCH_RESULTS,740,SEARCH_RESULTS,744,SEARCH_RESULTS,753,SEARCH_RESULTS,768,0
OTHER_PAGE,0,OTHER_PAGE,35,OTHER_PAGE,35,OTHER_PAGE,41,OTHER_PAGE,139,OTHER_PAGE,139,SKU,247,OTHER_PAGE,263,0
CART,0,CART,0,CART,5,CART,23,CART,45,CART,45,CART,48,CART,71,0
OTHER_PAGE,0,OTHER_PAGE,57,OTHER_PAGE,81,OTHER_PAGE,94,CLASS,105,SKU,119,CLASS,150,OTHER_PAGE,235,0
OTHER_PAGE,0,OTHER_PAGE,1,SKU,84,CART,131,SKU,222,OTHER_PAGE,1102,OTHER_PAGE,1103,SKU,2165,0
CART,0,CART,3,SKU,35,CART,51,CART,55,CART,65,CART,66,CART,74,1
OTHER_PAGE,0,OTHER_PAGE,1,CART,151,CART,165,CART,176,CART,191,CART,534,CART,539,0
OTHER_PAGE,0,OTHER_PAGE,8,CART,77,CART,93,CART,103,SKUSET,123,SKUSET,131,SKUSET,194,0
SKU,0,SKU,92,CART,93,CART,93,CART,97,CART,132,CART,132,CART,134,0
OTHER_PAGE,0,OTHER_PAGE,0,SKU,358,SEARCH_RESULTS,416,SEARCH_RESULTS,444,SKU,1176,SKU,1263,OTHER_PAGE,1266,0
OTHER_PAGE,0,SEARCH_RESULTS,228,SEARCH_RESULTS,228,SKU,250,SEARCH_RESULTS,288,OTHER_PAGE,296,SKUSET,317,SKUSET,377,0
OTHER_PAGE,0,CLASS,17,CLASS,40,CLASS,45,CLASS,52,CLASS,61,SKU,70,CLASS,98,0
OTHER_PAGE,0,OTHER_PAGE,0,SKU,88,CART,124,OTHER_PAGE,165,OTHER_PAGE,165,CART,185,CART,234,1
OTHER_PAGE,0,SKU,325,DEPARTMENT,645,CLASS,697,CLASS,758,SKUSET,812,CART,859,CART,870,1
OTHER_PAGE,0,OTHER_PAGE,49,OTHER_PAGE,90,OTHER_PAGE,121,OTHER_PAGE,203,CLASS,214,CLASS,309,CLASS,824,0
SEARCH_RESULTS,0,SEARCH_RESULTS,11,OTHER_PAGE,24,CART,40,CART,40,CART,42,SKU,46,SKU,584,0
OTHER_PAGE,0,SKUSET,3193,OTHER_PAGE,3708,OTHER_PAGE,3708,CART,4135,CART,4238,CART,4250,CART,4259,0
SKU,0,SKUSET,45,OTHER_PAGE,152,SKUSET,173,SKUSET,175,SKUSET,182,OTHER_PAGE,223,SKUSET,237,0
OTHER_PAGE,0,SKU,16,OTHER_PAGE,362,OTHER_PAGE,362,CLASS,407,CLASS,450,CLASS,469,CLASS,502,0
SKU,0,SKU,153,CART,160,CART,169,CART,171,OTHER_PAGE,226,OTHER_PAGE,265,OTHER_PAGE,280,0
CART,0,SKU,310,CLASS,1677,CART,1941,CART,1951,CART,1957,CART,1969,CART,1973,0
OTHER_PAGE,0,OTHER_PAGE,0,SKU,111,SKU,155,CART,266,CART,297,CART,319,CART,321,0
OTHER_PAGE,0,SKU,227,OTHER_PAGE,317,CLASS,327,CLASS,387,CLASS,394,CLASS,395,CLASS,444,0
OTHER_PAGE,0,OTHER_PAGE,78,OTHER_PAGE,107,OTHER_PAGE,110,OTHER_PAGE,368,SEARCH_RESULTS,445,SEARCH_RESULTS,473,SEARCH_RESULTS,508,0
OTHER_PAGE,0,SKU,52,SKU,52,SKU,53,OTHER_PAGE,136,OTHER_PAGE,137,SKU,147,SKU,147,0
OTHER_PAGE,0,OTHER_PAGE,84,CLASS,97,SKU,107,CLASS,406,SKU,421,CART,435,CART,438,0
OTHER_PAGE,0,CART,37,SKUSET,99,CART,137,OTHER_PAGE,170,OTHER_PAGE,173,SKUSET,200,CART,223,0
OTHER_PAGE,0,OTHER_PAGE,0,SKU,85,OTHER_PAGE,103,OTHER_PAGE,103,SKU,112,SKU,210,OTHER_PAGE,449,0
OTHER_PAGE,0,OTHER_PAGE,1,SEARCH_RESULTS,63,SEARCH_RESULTS,92,OTHER_PAGE,159,OTHER_PAGE,161,SKU,171,SEARCH_RESULTS,272,0
SKU,0,OTHER_PAGE,3372,OTHER_PAGE,3372,SKU,3416,OTHER_PAGE,3489,HOME,4034,OTHER_PAGE,4726,OTHER_PAGE,4745,0
SEARCH_RESULTS,0,SKUSET,20,CART,112,CART,115,CART,118,OTHER_PAGE,134,OTHER_PAGE,154,OTHER_PAGE,352,0
OTHER_PAGE,0,OTHER_PAGE,0,SKU,104,SKU,115,SKU,135,SKU,140,SKU,437,SKU,442,0
OTHER_PAGE,0,SKU,13,OTHER_PAGE,66,OTHER_PAGE,66,OTHER_PAGE,478,OTHER_PAGE,478,SKUSET,515,OTHER_PAGE,698,0
OTHER_PAGE,0,OTHER_PAGE,6,OTHER_PAGE,154,CART,332,CART,334,CART,368,CLASS,393,CART,423,0
CART,0,CART,48,SKU,69,SKU,93,CART,105,CART,117,CART,122,OTHER_PAGE,169,1
CART,0,OTHER_PAGE,94,OTHER_PAGE,107,OTHER_PAGE,113,OTHER_PAGE,118,OTHER_PAGE,143,OTHER_PAGE,148,OTHER_PAGE,156,0
OTHER_PAGE,0,SEARCH_RESULTS,203,SEARCH_RESULTS,204,SEARCH_RESULTS,244,SKU,257,SEARCH_RESULTS,277,SEARCH_RESULTS,308,SEARCH_RESULTS,346,0
OTHER_PAGE,0,SEARCH_RESULTS,22,SKU,138,SKU,329,SKU,765,SKU,1888,SKU,1977,SKU,2082,0
OTHER_PAGE,0,OTHER_PAGE,0,SEARCH_RESULTS,101,SKU,163,SEARCH_RESULTS,175,SKU,497,SEARCH_RESULTS,642,SEARCH_RESULTS,654,0
OTHER_PAGE,0,OTHER_PAGE,1,OTHER_PAGE,75,OTHER_PAGE,90,OTHER_PAGE,91,SKU,189,OTHER_PAGE,303,OTHER_PAGE,304,0
OTHER_PAGE,0,OTHER_PAGE,2,SKU,140,OTHER_PAGE,595,OTHER_PAGE,599,SKU,821,OTHER_PAGE,1002,OTHER_PAGE,1005,0
OTHER_PAGE,0,SEARCH_RESULTS,36,SEARCH_RESULTS,75,SKU,87,SEARCH_RESULTS,160,SEARCH_RESULTS,182,OTHER_PAGE,344,OTHER_PAGE,357,0
CLASS,0,CLASS,7,SKU,14,CLASS,74,CLASS,93,CLASS,108,CLASS,122,CLASS,175,0
CART,0,SKU,17,CART,53,CART,126,CART,151,SKU,205,OTHER_PAGE,257,OTHER_PAGE,257,1
SKU,0,SKU,146,SKU,146,SKU,244,CLASS,966,CLASS,982,CLASS,1078,SKU,1156,0
SKU,0,SKU,68,SKU,68,SKU,68,SKUSET,174,SKUSET,175,SKUSET,175,CART,264,0
OTHER_PAGE,0,OTHER_PAGE,1,SKU,85,OTHER_PAGE,173,OTHER_PAGE,174,OTHER_PAGE,1551,OTHER_PAGE,1552,SKU,1577,1
SKU,0,OTHER_PAGE,821,SKU,838,SKU,841,SKU,894,OTHER_PAGE,1041,CART,1111,SEARCH_RESULTS,1265,0
SEARCH_RESULTS,0,SKU,84,OTHER_PAGE,235,OTHER_PAGE,235,SEARCH_RESULTS,248,SEARCH_RESULTS,265,SKU,299,SEARCH_RESULTS,381,1
OTHER_PAGE,0,SKU,20,CART,36,OTHER_PAGE,79,OTHER_PAGE,80,SKU,129,CLASS,145,OTHER_PAGE,169,0
OTHER_PAGE,0,OTHER_PAGE,131,OTHER_PAGE,131,SKUSET,145,OTHER_PAGE,179,OTHER_PAGE,180,SKU,227,OTHER_PAGE,248,0
OTHER_PAGE,0,OTHER_PAGE,7,OTHER_PAGE,23,CLASS,37,CLASS,77,CLASS,78,CLASS,84,CLASS,117,0
SKUSET,0,SKUSET,7,CART,24,CART,233,CART,238,CART,240,SKUSET,301,SKUSET,339,1
CART,0,CART,8,CART,27,CART,35,CART,61,SKU,90,CLASS,182,CLASS,327,0
CART,0,CART,10,CART,13,CART,23,CART,29,SKU,49,CART,57,CART,175,1
OTHER_PAGE,0,SKU,185,CART,376,CART,670,CART,685,CART,692,CART,719,CART,720,1
OTHER_PAGE,0,CART,108,CART,121,CART,131,CART,144,CART,146,CART,153,SKU,209,0
OTHER_PAGE,0,SKU,85,CLASS,263,SKU,416,OTHER_PAGE,509,SKU,547,CART,634,OTHER_PAGE,658,0
OTHER_PAGE,0,SKUSET,51,OTHER_PAGE,1720,OTHER_PAGE,1770,CLASS,1779,CLASS,1848,CLASS,1871,CLASS,1912,0
OTHER_PAGE,0,OTHER_PAGE,77,CLASS,422,CART,499,CART,532,CART,561,CART,567,SKU,623,1
SKU,0,CART,211,CART,234,CART,244,CART,259,CART,284,CART,303,CART,320,0
CART,0,OTHER_PAGE,52,SKUSET,63,SKUSET,71,SKU,94,CLASS,115,CART,220,CART,257,0
CART,0,CART,18,CART,21,CART,26,CART,32,CART,61,CART,73,CART,110,0
OTHER_PAGE,0,CLASS,55,CLASS,174,CLASS,255,CLASS,282,CLASS,288,CLASS,290,CLASS,306,0
SKU,0,OTHER_PAGE,2084,SKU,2159,SKU,2204,CART,2214,CART,2229,CART,2365,CART,2844,0
SKU,0,SEARCH_RESULTS,77,SEARCH_RESULTS,87,SKU,120,CART,235,CART,235,CART,237,CART,244,0
OTHER_PAGE,0,OTHER_PAGE,36,OTHER_PAGE,36,OTHER_PAGE,70,OTHER_PAGE,71,OTHER_PAGE,79,SKU,178,SKUSET,623,0
SKU,0,CART,54,CART,84,CART,91,CART,146,CART,149,OTHER_PAGE,169,OTHER_PAGE,306,1
OTHER_PAGE,0,OTHER_PAGE,35,CLASS,48,SKU,93,CART,290,OTHER_PAGE,369,OTHER_PAGE,369,CLASS,392,1
OTHER_PAGE,0,OTHER_PAGE,15,OTHER_PAGE,27,CLASS,57,SKU,179,CLASS,212,CLASS,288,CLASS,302,0
OTHER_PAGE,0,SEARCH_RESULTS,46,SEARCH_RESULTS,92,SEARCH_RESULTS,124,SKU,234,CART,321,CART,341,CART,354,0
SKUSET,0,SKU,57,SKUSET,92,SKU,141,SKUSET,174,SKU,202,OTHER_PAGE,218,CLASS,226,0
CLASS,0,CLASS,27,SKU,120,SKU,137,SKU,662,CLASS,738,CLASS,816,SKU,887,0
SKU,0,SKU,324,SKUSET,748,SKU,818,SKUSET,1100,SKUSET,1175,SKU,1280,OTHER_PAGE,1397,0
SKU,0,SKU,3,SKU,6,SKU,9,SKU,13,SKU,18,CART,76,OTHER_PAGE,128,1
SKU,0,CART,61,OTHER_PAGE,162,OTHER_PAGE,162,CART,174,CART,177,CART,202,CART,449,0
OTHER_PAGE,0,SKU,173,OTHER_PAGE,184,SKU,250,OTHER_PAGE,502,OTHER_PAGE,531,OTHER_PAGE,531,SEARCH_RESULTS,540,1
OTHER_PAGE,0,OTHER_PAGE,355,OTHER_PAGE,371,OTHER_PAGE,371,SKU,431,CART,466,CART,489,CART,493,1
SKUSET,0,SKU,45,SKUSET,91,SKU,129,SKUSET,137,SKUSET,144,SKUSET,182,SKUSET,229,1
OTHER_PAGE,0,SKU,12,CART,27,CART,32,CART,37,CART,41,CART,42,CART,45,1
SKUSET,0,SKU,32,OTHER_PAGE,773,OTHER_PAGE,774,OTHER_PAGE,922,OTHER_PAGE,923,OTHER_PAGE,1192,OTHER_PAGE,1439,0
OTHER_PAGE,0,OTHER_PAGE,51,OTHER_PAGE,53,OTHER_PAGE,78,OTHER_PAGE,86,OTHER_PAGE,229,OTHER_PAGE,250,SKUSET,855,1
OTHER_PAGE,0,SKU,54,SKUSET,85,OTHER_PAGE,137,OTHER_PAGE,138,OTHER_PAGE,148,OTHER_PAGE,204,OTHER_PAGE,205,0
OTHER_PAGE,0,SKU,31,OTHER_PAGE,155,OTHER_PAGE,156,OTHER_PAGE,293,SEARCH_RESULTS,304,OTHER_PAGE,613,OTHER_PAGE,616,0
CART,0,CART,0,CART,3,CART,15,OTHER_PAGE,23,CART,34,CART,62,CART,75,0
OTHER_PAGE,0,SKU,47,CART,105,OTHER_PAGE,189,SKU,216,CART,261,CART,264,CART,273,1
OTHER_PAGE,0,OTHER_PAGE,64,OTHER_PAGE,66,CART,85,CART,119,CART,236,CART,246,CART,264,1
SKUSET,0,CART,72,CART,106,CART,109,CART,123,CART,123,CART,126,SKUSET,157,0
OTHER_PAGE,0,SKU,27,SKU,84,OTHER_PAGE,90,OTHER_PAGE,91,OTHER_PAGE,1137,OTHER_PAGE,1138,SKU,1150,0
SKU,0,SKU,1,CART,28,CART,51,CART,63,CART,88,SKU,94,SKU,395,0
OTHER_PAGE,0,OTHER_PAGE,35,SKUSET,57,CART,66,CART,84,OTHER_PAGE,100,SKU,248,CART,257,1
OTHER_PAGE,0,SEARCH_RESULTS,95,SEARCH_RESULTS,114,SEARCH_RESULTS,136,SKUSET,173,SKUSET,237,SEARCH_RESULTS,242,SEARCH_RESULTS,262,0
OTHER_PAGE,0,SKU,50,OTHER_PAGE,102,OTHER_PAGE,103,SKU,108,OTHER_PAGE,137,OTHER_PAGE,138,SKU,153,0
SKU,0,SKU,207,OTHER_PAGE,231,SKU,278,CART,357,OTHER_PAGE,670,CART,1118,CART,1122,1
OTHER_PAGE,0,OTHER_PAGE,40,OTHER_PAGE,41,OTHER_PAGE,53,OTHER_PAGE,58,CART,76,SEARCH_RESULTS,103,SEARCH_RESULTS,105,1
OTHER_PAGE,0,SKU,90,OTHER_PAGE,286,OTHER_PAGE,289,CART,326,CART,498,CART,512,OTHER_PAGE,629,0
CLASS,0,CLASS,54,CLASS,81,CLASS,90,SKU,186,CLASS,234,SKU,243,CLASS,258,0
OTHER_PAGE,0,OTHER_PAGE,1,SKU,289,CART,325,CART,338,CART,345,CART,413,CART,435,1
SKU,0,SKU,37,SKU,70,CLASS,81,SKU,103,CLASS,163,SKU,401,CLASS,445,0
SKU,0,OTHER_PAGE,3113,OTHER_PAGE,3115,SKU,4011,SKU,4302,SKU,4308,SKU,4313,SKU,4322,0
SKU,0,CART,1354,CART,1380,CART,1384,CART,1408,CART,1408,CART,1411,CART,1415,0
OTHER_PAGE,0,SKU,11,CART,37,CART,111,CART,125,CART,135,CART,142,CART,152,0
OTHER_PAGE,0,OTHER_PAGE,49,OTHER_PAGE,53,OTHER_PAGE,81,OTHER_PAGE,101,OTHER_PAGE,168,SKU,217,CART,348,1
SKU,0,CLASS,123,SKU,168,SKU,170,SKU,171,CART,244,CART,340,CART,365,0
OTHER_PAGE,0,OTHER_PAGE,12,CLASS,20,SKU,40,SKU,54,SKU,204,SKU,301,CART,313,1
OTHER_PAGE,0,OTHER_PAGE,217,OTHER_PAGE,219,OTHER_PAGE,242,OTHER_PAGE,471,OTHER_PAGE,535,SKU,580,CART,708,0
OTHER_PAGE,0,SKU,307,OTHER_PAGE,730,CLASS,757,CLASS,764,CLASS,780,CLASS,881,CLASS,898,1
OTHER_PAGE,0,OTHER_PAGE,0,SKU,66,SKU,67,OTHER_PAGE,195,OTHER_PAGE,196,SKU,288,SKU,290,0
OTHER_PAGE,0,SKU,115,SKU,118,CART,158,OTHER_PAGE,197,OTHER_PAGE,197,CART,355,CART,403,1
OTHER_PAGE,0,OTHER_PAGE,1,SKU,37,OTHER_PAGE,95,OTHER_PAGE,97,CLASS,177,CLASS,197,CLASS,210,0
OTHER_PAGE,0,SKU,44,SKU,51,SKU,53,CLASS,326,SKU,502,SKU,509,SKU,527,0
OTHER_PAGE,0,SKU,13,CART,75,CART,103,CART,109,CART,127,OTHER_PAGE,198,OTHER_PAGE,198,1
OTHER_PAGE,0,OTHER_PAGE,770,OTHER_PAGE,770,OTHER_PAGE,850,OTHER_PAGE,1550,OTHER_PAGE,1551,OTHER_PAGE,1562,SKU,2072,0
OTHER_PAGE,0,OTHER_PAGE,562,OTHER_PAGE,576,CART,603,CART,627,CART,676,CART,691,CART,702,0
OTHER_PAGE,0,OTHER_PAGE,0,SKU,14,SKU,94,SKU,139,CART,191,CART,198,CART,203,1
DEPARTMENT,0,CLASS,33,SKU,103,SKU,263,CART,386,CART,386,CART,388,OTHER_PAGE,450,1
OTHER_PAGE,0,SEARCH_RESULTS,158,SKU,216,SKU,437,SEARCH_RESULTS,443,SKU,468,SKU,509,SEARCH_RESULTS,592,0
CLASS,0,DEPARTMENT,27,CART,105,CART,105,CART,108,CART,124,CART,171,CART,173,0
SEARCH_RESULTS,0,SKU,6,SKU,13,SKU,19,SKU,26,SKU,32,SKU,39,SKU,45,0
OTHER_PAGE,0,CART,47,CART,55,CART,162,CART,178,CART,247,CART,261,CART,331,1
OTHER_PAGE,0,OTHER_PAGE,66,CLASS,79,OTHER_PAGE,460,OTHER_PAGE,649,OTHER_PAGE,699,OTHER_PAGE,699,SKUSET,790,0
OTHER_PAGE,0,SKU,56,SKU,1128,SKU,1401,CLASS,1749,CLASS,1752,SKU,1988,SKU,2065,0
OTHER_PAGE,0,OTHER_PAGE,44,OTHER_PAGE,45,OTHER_PAGE,54,SKU,68,OTHER_PAGE,129,OTHER_PAGE,228,OTHER_PAGE,245,0
OTHER_PAGE,0,SKU,102,SKU,219,OTHER_PAGE,234,SKU,333,OTHER_PAGE,399,OTHER_PAGE,400,SKU,414,0
OTHER_PAGE,0,OTHER_PAGE,1437,OTHER_PAGE,1438,SKU,1452,OTHER_PAGE,1675,OTHER_PAGE,1676,SKU,1732,SKU,1733,0
OTHER_PAGE,0,SKU,128,OTHER_PAGE,174,OTHER_PAGE,176,OTHER_PAGE,252,OTHER_PAGE,305,OTHER_PAGE,376,OTHER_PAGE,423,0
OTHER_PAGE,0,SKU,51,SKU,51,OTHER_PAGE,61,OTHER_PAGE,61,SKU,75,OTHER_PAGE,101,OTHER_PAGE,102,0
OTHER_PAGE,0,SKU,122,OTHER_PAGE,181,OTHER_PAGE,3349,SEARCH_RESULTS,3367,SEARCH_RESULTS,3382,SEARCH_RESULTS,3395,SEARCH_RESULTS,3411,0
CART,0,CART,27,CART,46,CART,58,OTHER_PAGE,73,OTHER_PAGE,73,CART,105,CART,147,1
OTHER_PAGE,0,SKU,94,OTHER_PAGE,109,OTHER_PAGE,110,SEARCH_RESULTS,121,SEARCH_RESULTS,152,OTHER_PAGE,604,OTHER_PAGE,604,0
OTHER_PAGE,0,OTHER_PAGE,42,OTHER_PAGE,42,SKU,48,CART,72,CART,78,CART,85,OTHER_PAGE,1724,0
SKU,0,SKU,439,SKU,1133,CART,1359,CART,1399,SKU,1464,OTHER_PAGE,1464,SKU,1492,1
OTHER_PAGE,0,OTHER_PAGE,0,SKUSET,51,OTHER_PAGE,73,OTHER_PAGE,73,SKUSET,83,CART,192,OTHER_PAGE,230,1
OTHER_PAGE,0,CLASS,12,CLASS,29,OTHER_PAGE,191,CLASS,237,CLASS,243,CLASS,252,CLASS,260,0
CLASS,0,OTHER_PAGE,483,SKUSET,517,SKU,556,SKUSET,566,SKU,591,CART,670,SKU,828,0
OTHER_PAGE,0,OTHER_PAGE,10,OTHER_PAGE,10,SKU,61,SKU,120,OTHER_PAGE,210,OTHER_PAGE,210,CART,238,1
OTHER_PAGE,0,SKU,44,OTHER_PAGE,591,OTHER_PAGE,591,SKU,602,SKU,963,OTHER_PAGE,978,OTHER_PAGE,980,0
OTHER_PAGE,0,SEARCH_RESULTS,15,SEARCH_RESULTS,15,SEARCH_RESULTS,17,SEARCH_RESULTS,33,SEARCH_RESULTS,62,SEARCH_RESULTS,63,SEARCH_RESULTS,67,0
OTHER_PAGE,0,SEARCH_RESULTS,8,SEARCH_RESULTS,31,SEARCH_RESULTS,71,SEARCH_RESULTS,102,SEARCH_RESULTS,143,SEARCH_RESULTS,213,SKU,316,0
SEARCH_RESULTS,0,CART,398,SEARCH_RESULTS,432,SKU,524,SEARCH_RESULTS,576,SEARCH_RESULTS,627,SEARCH_RESULTS,657,SEARCH_RESULTS,745,0
SKU,0,OTHER_PAGE,52,SKU,55,OTHER_PAGE,281,OTHER_PAGE,281,OTHER_PAGE,285,OTHER_PAGE,297,OTHER_PAGE,297,0
SKUSET,0,CART,21,SKU,67,SKUSET,112,OTHER_PAGE,126,OTHER_PAGE,136,OTHER_PAGE,142,OTHER_PAGE,12985,0
CART,0,CART,270,OTHER_PAGE,407,SKU,522,OTHER_PAGE,574,OTHER_PAGE,597,SKU,711,CART,728,1
OTHER_PAGE,0,OTHER_PAGE,88,OTHER_PAGE,149,OTHER_PAGE,150,CART,157,CART,194,CART,206,SKU,234,0
OTHER_PAGE,0,CLASS,47,CLASS,51,SKU,65,CART,85,SKU,124,SKU,135,CART,139,0
OTHER_PAGE,0,OTHER_PAGE,0,SKUSET,292,SKU,440,SKUSET,521,SKU,545,SKU,588,SKU,618,0
SKU,0,SKU,9,SKU,192,SKU,200,SKU,303,SKU,598,SKU,600,SKU,762,0
OTHER_PAGE,0,SEARCH_RESULTS,22,SEARCH_RESULTS,161,SEARCH_RESULTS,184,SKU,205,SKU,224,SKU,345,CART,500,0
HOME,0,OTHER_PAGE,309,OTHER_PAGE,310,SKU,2144,HOME,2307,OTHER_PAGE,2315,SKUSET,2396,OTHER_PAGE,2453,1
OTHER_PAGE,0,OTHER_PAGE,14,OTHER_PAGE,22,OTHER_PAGE,60,OTHER_PAGE,71,OTHER_PAGE,84,SKU,821,SKU,854,1
OTHER_PAGE,0,CLASS,69,CLASS,90,CLASS,142,CLASS,249,SKU,1584,OTHER_PAGE,1750,SKU,1814,0
OTHER_PAGE,0,SKU,119,SKU,125,CART,179,CART,229,CART,232,CART,245,CART,330,1
OTHER_PAGE,0,SEARCH_RESULTS,18,SEARCH_RESULTS,41,SEARCH_RESULTS,586,SEARCH_RESULTS,669,SKU,813,SEARCH_RESULTS,897,SEARCH_RESULTS,898,0
SEARCH_RESULTS,0,SEARCH_RESULTS,63,SEARCH_RESULTS,311,SKUSET,355,SEARCH_RESULTS,392,SKU,472,SKUSET,721,SEARCH_RESULTS,889,0
SKU,0,SKU,189,SKU,321,SKU,375,SKU,378,SKU,388,SKU,454,SKU,512,0
SKU,0,SKU,590,SKU,630,SKU,636,SKU,640,SKU,645,SKU,656,SKU,665,0
OTHER_PAGE,0,SEARCH_RESULTS,80,SEARCH_RESULTS,112,SKU,124,SKU,124,SEARCH_RESULTS,154,SEARCH_RESULTS,156,SEARCH_RESULTS,168,0
CART,0,CART,3,CART,66,OTHER_PAGE,69,CART,81,CART,83,SKU,117,SKU,419,0
OTHER_PAGE,0,CART,35,CART,70,CART,124,OTHER_PAGE,179,OTHER_PAGE,865,CART,1504,CART,1506,1
OTHER_PAGE,0,SKU,135,SKU,158,CLASS,248,CLASS,252,SKU,291,CART,538,OTHER_PAGE,600,0
OTHER_PAGE,0,OTHER_PAGE,1,SKU,1370,OTHER_PAGE,1423,OTHER_PAGE,1424,OTHER_PAGE,2196,OTHER_PAGE,2198,SKU,2232,0
SKUSET,0,SKUSET,1451,SKUSET,1494,OTHER_PAGE,1635,OTHER_PAGE,1671,OTHER_PAGE,1771,OTHER_PAGE,1772,OTHER_PAGE,1791,0
OTHER_PAGE,0,OTHER_PAGE,38,OTHER_PAGE,39,CART,165,SKU,211,CART,747,CART,749,CART,825,1
OTHER_PAGE,0,SKU,132,SKU,139,SKU,140,CART,296,OTHER_PAGE,334,OTHER_PAGE,334,OTHER_PAGE,544,0
OTHER_PAGE,0,SKU,106,OTHER_PAGE,124,SKU,225,SKU,423,OTHER_PAGE,642,OTHER_PAGE,643,SKU,739,0
CART,0,CART,47,OTHER_PAGE,287,SKU,347,CART,367,OTHER_PAGE,375,CART,408,CART,416,1
OTHER_PAGE,0,SEARCH_RESULTS,14,SEARCH_RESULTS,44,SEARCH_RESULTS,82,SEARCH_RESULTS,124,SEARCH_RESULTS,155,SEARCH_RESULTS,203,SEARCH_RESULTS,245,0
CLASS,0,SKU,72,CLASS,81,CLASS,94,CLASS,458,CLASS,527,CLASS,528,SEARCH_RESULTS,1217,0
CART,0,SKU,30,CART,72,CART,74,CART,89,CART,90,CART,94,SKU,123,0
OTHER_PAGE,0,SKU,9,SKUSET,100,SKU,104,OTHER_PAGE,394,SKU,399,SKU,884,SKU,942,0
SKU,0,SKU,71,SKU,335,SKU,453,SEARCH_RESULTS,480,SEARCH_RESULTS,492,SEARCH_RESULTS,513,SEARCH_RESULTS,603,0
OTHER_PAGE,0,SKU,16,OTHER_PAGE,168,OTHER_PAGE,169,SKU,480,SKU,560,OTHER_PAGE,657,OTHER_PAGE,658,0
OTHER_PAGE,0,OTHER_PAGE,0,SKU,375,OTHER_PAGE,480,OTHER_PAGE,480,SKUSET,517,OTHER_PAGE,534,OTHER_PAGE,534,0
OTHER_PAGE,0,SKU,11,SKU,11,SKU,11,SKU,12,SKU,17,SKU,28,SKU,34,1
SEARCH_RESULTS,0,SEARCH_RESULTS,9,SEARCH_RESULTS,20,SKU,22,SKU,542,SKU,1436,SEARCH_RESULTS,1819,SEARCH_RESULTS,1830,0
SKU,0,SKU,588,SKU,654,SKU,685,SKU,808,SKU,907,SKU,1013,SKU,1243,0
OTHER_PAGE,0,SKU,81,OTHER_PAGE,385,OTHER_PAGE,559,OTHER_PAGE,591,SKU,949,SKU,956,SKU,1180,0
OTHER_PAGE,0,OTHER_PAGE,0,SKU,68,SKU,106,SKU,131,CLASS,158,OTHER_PAGE,435,OTHER_PAGE,436,0
OTHER_PAGE,0,OTHER_PAGE,93,OTHER_PAGE,93,SKU,240,SKU,279,CART,804,CART,1780,CART,1790,0
OTHER_PAGE,0,SKUSET,13,OTHER_PAGE,61,OTHER_PAGE,62,SKU,86,OTHER_PAGE,180,OTHER_PAGE,180,SKU,221,0
OTHER_PAGE,0,SKU,176,SKU,260,OTHER_PAGE,735,CART,782,CART,823,CART,1013,CART,1020,0
OTHER_PAGE,0,CART,60,SKU,72,OTHER_PAGE,82,OTHER_PAGE,83,CART,188,CART,215,OTHER_PAGE,263,0
OTHER_PAGE,0,OTHER_PAGE,32,OTHER_PAGE,33,OTHER_PAGE,108,OTHER_PAGE,129,OTHER_PAGE,130,OTHER_PAGE,149,SKU,167,0
SKU,0,OTHER_PAGE,20,CART,33,CART,37,CART,39,OTHER_PAGE,47,OTHER_PAGE,55,OTHER_PAGE,64,0
SKU,0,OTHER_PAGE,25,OTHER_PAGE,26,SKU,82,OTHER_PAGE,1346,OTHER_PAGE,1346,CLASS,1362,CLASS,2447,0
OTHER_PAGE,0,OTHER_PAGE,8,SKU,26,SKU,26,SKU,26,OTHER_PAGE,65,SEARCH_RESULTS,91,SEARCH_RESULTS,92,1
SKU,0,CLASS,445,CLASS,461,CLASS,472,CLASS,484,CLASS,487,CLASS,510,SEARCH_RESULTS,521,0
OTHER_PAGE,0,OTHER_PAGE,66,CLASS,81,CLASS,100,CLASS,112,CLASS,120,CLASS,125,OTHER_PAGE,391,0
SKU,0,SEARCH_RESULTS,49,SKU,62,OTHER_PAGE,86,OTHER_PAGE,87,SEARCH_RESULTS,102,SEARCH_RESULTS,119,SKUSET,152,0
OTHER_PAGE,0,SKU,12,OTHER_PAGE,32,OTHER_PAGE,32,SKU,149,OTHER_PAGE,167,OTHER_PAGE,167,SKU,384,0
OTHER_PAGE,0,CART,42,CART,43,CART,49,CART,55,CART,57,OTHER_PAGE,92,CLASS,102,0
OTHER_PAGE,0,SKU,8,SKUSET,31,CART,74,OTHER_PAGE,159,OTHER_PAGE,159,CART,202,SKUSET,232,1
SKU,0,CART,11,CART,11,CART,13,CART,21,CART,25,CART,39,CART,40,0
SKU,0,SKU,2032,SKU,2272,SKU,2469,CLASS,2665,CLASS,2706,CLASS,2798,CLASS,2842,0
CLASS,0,SKU,448,CLASS,463,SKU,470,CLASS,480,SKU,490,SKU,518,CLASS,572,0
OTHER_PAGE,0,SKUSET,36,OTHER_PAGE,122,OTHER_PAGE,123,SKU,150,OTHER_PAGE,174,OTHER_PAGE,174,SKU,203,0
OTHER_PAGE,0,OTHER_PAGE,28,OTHER_PAGE,29,SKUSET,59,OTHER_PAGE,114,OTHER_PAGE,114,SKU,244,SKUSET,308,0
OTHER_PAGE,0,CART,27,CART,41,CART,64,CART,199,CART,326,SKU,416,CART,435,0
OTHER_PAGE,0,OTHER_PAGE,0,OTHER_PAGE,12,OTHER_PAGE,41,CLASS,257,CLASS,257,SKU,347,CLASS,390,0
OTHER_PAGE,0,OTHER_PAGE,393,OTHER_PAGE,420,CLASS,432,CLASS,436,CLASS,479,CLASS,513,CLASS,515,1
OTHER_PAGE,0,OTHER_PAGE,80,OTHER_PAGE,81,OTHER_PAGE,2101,CART,2153,SKUSET,2179,OTHER_PAGE,2222,OTHER_PAGE,2222,1
SKU,0,SKU,80,SKU,81,SKU,81,SKU,81,SKU,81,SKU,82,SKU,82,0
CLASS,0,OTHER_PAGE,67,OTHER_PAGE,67,SKU,2211,SKU,2212,OTHER_PAGE,2311,OTHER_PAGE,2312,SKU,2350,0
OTHER_PAGE,0,OTHER_PAGE,1,SKU,371,CART,403,SKU,487,OTHER_PAGE,567,OTHER_PAGE,577,CART,626,0
SKU,0,OTHER_PAGE,101,OTHER_PAGE,119,OTHER_PAGE,190,OTHER_PAGE,243,OTHER_PAGE,322,OTHER_PAGE,338,CLASS,443,0
OTHER_PAGE,0,SKU,106,OTHER_PAGE,224,OTHER_PAGE,225,SKU,360,CLASS,495,SKU,526,CLASS,565,0
OTHER_PAGE,0,CART,18,SKU,53,CART,69,OTHER_PAGE,80,OTHER_PAGE,80,SKU,104,OTHER_PAGE,119,1
OTHER_PAGE,0,SKU,200,SKU,201,CART,229,CART,274,CART,288,CART,306,CART,376,0
SKU,0,CART,276,CART,290,CART,297,SKU,371,SKU,549,OTHER_PAGE,630,SEARCH_RESULTS,691,1
CLASS,0,SKU,37,CLASS,102,CLASS,120,CLASS,149,SKU,177,SKU,203,SKU,229,1
OTHER_PAGE,0,OTHER_PAGE,75,OTHER_PAGE,75,OTHER_PAGE,94,OTHER_PAGE,109,OTHER_PAGE,149,OTHER_PAGE,162,SKUSET,182,1
OTHER_PAGE,0,OTHER_PAGE,0,SKUSET,349,OTHER_PAGE,386,OTHER_PAGE,386,SKU,402,CART,429,OTHER_PAGE,535,0
OTHER_PAGE,0,SKU,33,OTHER_PAGE,97,CLASS,213,CLASS,314,CLASS,327,CLASS,330,CLASS,333,0
OTHER_PAGE,0,SKU,321,SKU,406,OTHER_PAGE,463,CLASS,498,CLASS,516,CLASS,517,SKU,611,0
OTHER_PAGE,0,SKU,4,CART,51,CART,67,CART,81,CART,87,OTHER_PAGE,129,CART,137,0
CART,0,CART,90,CART,100,CART,101,CART,546,CART,548,SKU,556,CLASS,1280,0
OTHER_PAGE,0,OTHER_PAGE,132,OTHER_PAGE,132,CART,154,SKU,276,CART,1499,CART,1547,OTHER_PAGE,1581,1
SKU,0,CLASS,211,CLASS,365,CLASS,419,CLASS,472,CLASS,493,SKU,523,CLASS,618,0
OTHER_PAGE,0,OTHER_PAGE,0,OTHER_PAGE,256,OTHER_PAGE,257,OTHER_PAGE,454,OTHER_PAGE,466,OTHER_PAGE,466,OTHER_PAGE,561,1
CART,0,CART,13,CART,27,CART,28,CART,31,CART,51,CART,52,CART,55,1
OTHER_PAGE,0,SKU,115,SKUSET,228,SKU,271,CART,450,CART,454,CART,456,CART,468,1
OTHER_PAGE,0,SKU,9,CART,55,CLASS,80,CLASS,112,CLASS,125,CLASS,127,CART,146,1
OTHER_PAGE,0,OTHER_PAGE,0,SKU,36,OTHER_PAGE,54,OTHER_PAGE,54,OTHER_PAGE,103,OTHER_PAGE,109,CLASS,115,0
OTHER_PAGE,0,OTHER_PAGE,22,OTHER_PAGE,178,OTHER_PAGE,214,CLASS,239,CLASS,241,SKU,669,SKU,689,1
OTHER_PAGE,0,SKU,66,SKU,190,SEARCH_RESULTS,333,SKU,470,SKU,643,SKU,718,SKU,915,0
OTHER_PAGE,0,OTHER_PAGE,0,OTHER_PAGE,12,SEARCH_RESULTS,78,SEARCH_RESULTS,110,SKU,117,SEARCH_RESULTS,187,SEARCH_RESULTS,198,0
OTHER_PAGE,0,CART,115,CART,125,CART,182,CART,225,OTHER_PAGE,293,OTHER_PAGE,299,SKU,349,0
OTHER_PAGE,0,SEARCH_RESULTS,28,SKU,62,CART,94,CART,100,CART,155,CART,173,CART,188,0
OTHER_PAGE,0,OTHER_PAGE,0,OTHER_PAGE,1600,OTHER_PAGE,1601,OTHER_PAGE,1810,OTHER_PAGE,1811,OTHER_PAGE,2315,OTHER_PAGE,2315,0
OTHER_PAGE,0,CART,1,CART,3,SKU,14,OTHER_PAGE,1716,CART,1723,CART,1725,CART,1731,0
SKU,0,OTHER_PAGE,147,SKU,156,SKU,320,SKU,397,SKU,422,SKU,474,SKU,620,0
OTHER_PAGE,0,OTHER_PAGE,0,OTHER_PAGE,22,OTHER_PAGE,22,OTHER_PAGE,110,OTHER_PAGE,111,OTHER_PAGE,165,OTHER_PAGE,166,0
CLASS,0,CLASS,53,CLASS,114,SKUSET,182,SKUSET,431,SEARCH_RESULTS,595,SEARCH_RESULTS,596,SKUSET,649,1
SKU,0,CLASS,140,CLASS,162,SKU,552,CLASS,830,CLASS,851,CLASS,867,CLASS,929,0
SKU,0,CART,11,CART,24,CART,27,SKU,46,SKU,137,CART,147,CART,150,0
OTHER_PAGE,0,SKU,44,CART,160,SKU,185,OTHER_PAGE,194,SKUSET,367,SKUSET,552,OTHER_PAGE,560,0
SKU,0,OTHER_PAGE,5,OTHER_PAGE,7,CART,12,OTHER_PAGE,279,CLASS,292,DEPARTMENT,3567,CLASS,3585,0
SKU,0,SKU,851,SKU,2001,SKU,2131,SKU,3233,SKU,3740,SKU,4938,SKU,5440,0
OTHER_PAGE,0,OTHER_PAGE,51,CLASS,62,CLASS,79,CLASS,176,CLASS,1842,CLASS,1933,CLASS,1941,0
OTHER_PAGE,0,OTHER_PAGE,86,SKU,96,CART,123,CART,141,CART,155,CART,165,CART,172,0
SKU,0,SKU,173,SKU,185,SKU,189,SKU,189,SKU,198,CLASS,308,CLASS,309,0
OTHER_PAGE,0,SKU,34,SKU,35,SKU,35,SKU,36,OTHER_PAGE,127,OTHER_PAGE,127,SKU,135,0
OTHER_PAGE,0,OTHER_PAGE,25,OTHER_PAGE,25,SKU,230,OTHER_PAGE,3369,OTHER_PAGE,3369,SKU,3543,OTHER_PAGE,3599,0
OTHER_PAGE,0,OTHER_PAGE,99,OTHER_PAGE,101,OTHER_PAGE,133,OTHER_PAGE,135,SKUSET,181,OTHER_PAGE,214,OTHER_PAGE,216,0
SKU,0,SKU,148,OTHER_PAGE,242,CART,261,CART,263,CART,267,SKUSET,378,OTHER_PAGE,402,1
SKU,0,CART,19,CART,49,CART,61,CART,143,CART,164,CART,217,CART,336,1
OTHER_PAGE,0,OTHER_PAGE,17,CART,193,SKU,211,CART,231,CART,254,CART,261,CART,319,1
OTHER_PAGE,0,SKU,72,OTHER_PAGE,105,OTHER_PAGE,106,SKU,262,OTHER_PAGE,303,OTHER_PAGE,303,OTHER_PAGE,323,0
OTHER_PAGE,0,OTHER_PAGE,70,SKU,159,SEARCH_RESULTS,194,SEARCH_RESULTS,224,DEPARTMENT,454,CLASS,488,SKU,599,0
OTHER_PAGE,0,CART,43,SKU,150,CART,172,SKU,485,CART,496,CART,517,SKUSET,651,1
OTHER_PAGE,0,SKU,93,SEARCH_RESULTS,129,SKU,237,CART,265,CART,270,CART,273,CART,293,1
OTHER_PAGE,0,OTHER_PAGE,1,OTHER_PAGE,36,SEARCH_RESULTS,114,SEARCH_RESULTS,126,SEARCH_RESULTS,144,SEARCH_RESULTS,165,SEARCH_RESULTS,173,0
OTHER_PAGE,0,OTHER_PAGE,18,OTHER_PAGE,1069,OTHER_PAGE,1071,OTHER_PAGE,1085,OTHER_PAGE,1154,CART,1262,CART,1313,1
OTHER_PAGE,0,CLASS,643,CLASS,719,CLASS,773,SKUSET,856,SKU,1004,CART,1021,CART,1021,1
OTHER_PAGE,0,OTHER_PAGE,14,OTHER_PAGE,14,CART,45,SKUSET,112,OTHER_PAGE,168,OTHER_PAGE,168,OTHER_PAGE,240,1
SKU,0,SKU,26,CART,177,CLASS,190,CLASS,199,CLASS,221,CLASS,223,CLASS,267,0
OTHER_PAGE,0,SKU,296,OTHER_PAGE,422,OTHER_PAGE,463,CLASS,485,CLASS,580,CLASS,640,CLASS,695,0
OTHER_PAGE,0,SKU,154,OTHER_PAGE,457,OTHER_PAGE,457,SKUSET,486,OTHER_PAGE,749,OTHER_PAGE,749,SKU,761,0
OTHER_PAGE,0,SKU,42,OTHER_PAGE,113,OTHER_PAGE,114,SKU,233,OTHER_PAGE,264,OTHER_PAGE,264,SKU,297,0
CART,0,SKU,32,OTHER_PAGE,1517,OTHER_PAGE,1518,SKU,1544,CART,1569,CART,1607,CART,1654,0
OTHER_PAGE,0,OTHER_PAGE,339,OTHER_PAGE,340,CART,375,CART,389,CART,416,CART,440,OTHER_PAGE,474,1
OTHER_PAGE,0,CLASS,15,OTHER_PAGE,1632,OTHER_PAGE,1632,SKU,1649,SKU,1932,OTHER_PAGE,2143,OTHER_PAGE,2144,0
OTHER_PAGE,0,SEARCH_RESULTS,11,OTHER_PAGE,19,OTHER_PAGE,19,SEARCH_RESULTS,28,SKU,88,SKU,91,SKU,95,0
OTHER_PAGE,0,SEARCH_RESULTS,62,SEARCH_RESULTS,82,SEARCH_RESULTS,132,SEARCH_RESULTS,461,OTHER_PAGE,678,SEARCH_RESULTS,769,SEARCH_RESULTS,780,0
OTHER_PAGE,0,SKU,27,OTHER_PAGE,110,DEPARTMENT,224,CLASS,230,OTHER_PAGE,282,OTHER_PAGE,289,CLASS,302,0
SKU,0,CART,37,CART,240,CART,244,CART,258,CART,468,CART,505,CART,588,1
OTHER_PAGE,0,OTHER_PAGE,0,OTHER_PAGE,16,OTHER_PAGE,16,CART,21,CART,23,OTHER_PAGE,409,OTHER_PAGE,409,1
SKU,0,CART,165,CART,179,CART,317,CART,347,SKU,374,OTHER_PAGE,507,OTHER_PAGE,508,0
OTHER_PAGE,0,OTHER_PAGE,23,SKU,148,CART,242,OTHER_PAGE,254,SKU,271,OTHER_PAGE,297,SKU,307,0
OTHER_PAGE,0,SKU,40,SKUSET,40,OTHER_PAGE,54,OTHER_PAGE,54,OTHER_PAGE,108,OTHER_PAGE,108,OTHER_PAGE,305,0
OTHER_PAGE,0,OTHER_PAGE,0,CART,8,OTHER_PAGE,44,CLASS,50,CLASS,66,CLASS,71,SKU,128,0
CART,0,OTHER_PAGE,10,OTHER_PAGE,11,SKU,17,OTHER_PAGE,36,OTHER_PAGE,37,CART,565,CART,582,1
OTHER_PAGE,0,OTHER_PAGE,110,OTHER_PAGE,198,CART,245,SKU,269,CART,278,OTHER_PAGE,307,CART,350,0
OTHER_PAGE,0,SKU,30,OTHER_PAGE,75,OTHER_PAGE,81,OTHER_PAGE,82,SKU,118,OTHER_PAGE,369,SKU,380,0
OTHER_PAGE,0,SKU,137,OTHER_PAGE,232,OTHER_PAGE,268,OTHER_PAGE,303,OTHER_PAGE,312,OTHER_PAGE,314,OTHER_PAGE,351,0
OTHER_PAGE,0,SKU,22,SKU,71,OTHER_PAGE,390,OTHER_PAGE,391,SKU,535,SKU,1919,SKU,2006,0
SKU,0,OTHER_PAGE,34,OTHER_PAGE,34,SKU,58,CART,117,OTHER_PAGE,142,OTHER_PAGE,142,SKU,143,0
OTHER_PAGE,0,OTHER_PAGE,0,CART,567,CART,640,CART,645,SKU,657,CART,675,CART,686,1
OTHER_PAGE,0,DEPARTMENT,9,CLASS,20,CLASS,30,CLASS,44,CLASS,59,CLASS,134,OTHER_PAGE,1530,0
OTHER_PAGE,0,SKU,54,SEARCH_RESULTS,108,SEARCH_RESULTS,160,SEARCH_RESULTS,252,SEARCH_RESULTS,255,SEARCH_RESULTS,268,SEARCH_RESULTS,270,0
OTHER_PAGE,0,SKU,647,OTHER_PAGE,912,SKU,915,OTHER_PAGE,1078,SEARCH_RESULTS,1094,SEARCH_RESULTS,1128,SKU,1208,1
OTHER_PAGE,0,OTHER_PAGE,1314,OTHER_PAGE,1314,SKU,1369,SKU,1388,SKU,1395,CART,1409,SKU,1459,1
SKU,0,CLASS,46,SKU,77,SKU,77,CLASS,90,SKU,109,SKU,109,CLASS,118,0
OTHER_PAGE,0,CART,51,CART,137,CART,142,CART,157,CART,368,CART,406,CART,422,1
OTHER_PAGE,0,OTHER_PAGE,1,SEARCH_RESULTS,224,SEARCH_RESULTS,2115,SKU,2983,SEARCH_RESULTS,3438,SKU,3479,CART,3776,1
OTHER_PAGE,0,OTHER_PAGE,0,SKU,144,OTHER_PAGE,197,OTHER_PAGE,198,SKU,316,OTHER_PAGE,355,OTHER_PAGE,356,0
OTHER_PAGE,0,OTHER_PAGE,62,OTHER_PAGE,63,SKU,115,SKU,130,SKU,486,SKU,699,SKU,703,0
SKU,0,CART,13,CART,63,CART,323,CART,331,SKU,626,SKU,691,SKU,739,0
OTHER_PAGE,0,CART,14,CART,25,OTHER_PAGE,51,OTHER_PAGE,51,CART,56,SKU,97,CART,169,1
CLASS,0,CLASS,107,SKU,165,SKU,169,CLASS,195,SKU,211,CLASS,231,CLASS,237,0
OTHER_PAGE,0,OTHER_PAGE,292,OTHER_PAGE,292,CART,376,CART,415,CART,429,CART,466,CART,475,1
OTHER_PAGE,0,OTHER_PAGE,725,OTHER_PAGE,726,OTHER_PAGE,1793,OTHER_PAGE,1817,SKU,1837,CART,1904,OTHER_PAGE,1942,1
OTHER_PAGE,0,SEARCH_RESULTS,125,SKU,206,SKU,557,SKU,581,SKU,651,SKU,713,SKU,738,0
OTHER_PAGE,0,SKU,318,SEARCH_RESULTS,391,SEARCH_RESULTS,446,SEARCH_RESULTS,447,SEARCH_RESULTS,499,SEARCH_RESULTS,553,OTHER_PAGE,1363,0
OTHER_PAGE,0,OTHER_PAGE,68,OTHER_PAGE,466,OTHER_PAGE,469,SKU,567,CLASS,606,CLASS,636,CLASS,656,0
SKU,0,SKU,332,SKU,348,CART,405,CART,416,CART,418,OTHER_PAGE,435,OTHER_PAGE,475,0
CART,0,CART,8,CART,13,SKU,50,SKU,50,SKU,54,CART,73,CART,76,0
OTHER_PAGE,0,CLASS,79,CLASS,300,CLASS,379,CLASS,446,CLASS,521,CLASS,570,SKU,1554,0
OTHER_PAGE,0,SKU,11,OTHER_PAGE,84,SKU,117,OTHER_PAGE,147,SKU,190,OTHER_PAGE,221,SKU,334,0
OTHER_PAGE,0,SKUSET,23,CART,37,CART,46,CART,48,SKU,74,CART,89,CART,92,0
HOME,0,SKU,131,CART,157,OTHER_PAGE,295,CART,386,CART,414,CART,439,CART,460,1
OTHER_PAGE,0,SKU,11,CART,84,OTHER_PAGE,139,SKU,150,CART,169,CART,300,CART,321,1
SKU,0,SKU,5,CART,23,CART,23,CART,29,OTHER_PAGE,120,OTHER_PAGE,202,CART,218,1
OTHER_PAGE,0,OTHER_PAGE,0,CART,139,CART,196,SKU,344,CART,366,CART,379,CART,406,0
OTHER_PAGE,0,OTHER_PAGE,1,SEARCH_RESULTS,27,SEARCH_RESULTS,153,SKU,180,SEARCH_RESULTS,279,SEARCH_RESULTS,314,SEARCH_RESULTS,335,0
SKU,0,CART,397,CART,397,CART,406,CART,458,CART,462,CART,480,CART,537,0
CLASS,0,SKU,30,CLASS,58,CLASS,118,CLASS,129,CLASS,149,CLASS,171,CLASS,183,0
CART,0,CART,7,CART,34,CART,40,CART,61,CART,140,OTHER_PAGE,170,OTHER_PAGE,182,0
OTHER_PAGE,0,CART,228,CART,230,OTHER_PAGE,236,CART,241,CART,242,CART,243,OTHER_PAGE,252,0
SKU,0,OTHER_PAGE,1337,OTHER_PAGE,1337,CART,1365,CART,1389,OTHER_PAGE,1484,CART,1494,CART,1502,0
SKU,0,CART,18,CART,66,CART,75,SKU,384,CART,422,CART,426,OTHER_PAGE,485,1
OTHER_PAGE,0,CLASS,146,CLASS,157,SKU,331,CLASS,407,SKU,455,CLASS,542,SKU,608,0
OTHER_PAGE,0,SKU,192,OTHER_PAGE,372,OTHER_PAGE,373,SKU,441,OTHER_PAGE,466,OTHER_PAGE,466,SKUSET,653,0
OTHER_PAGE,0,SKU,75,OTHER_PAGE,139,OTHER_PAGE,139,SKU,262,OTHER_PAGE,291,OTHER_PAGE,291,SKU,355,0
OTHER_PAGE,0,SEARCH_RESULTS,24,SEARCH_RESULTS,77,SEARCH_RESULTS,110,SEARCH_RESULTS,149,SEARCH_RESULTS,156,OTHER_PAGE,182,SKU,195,0
OTHER_PAGE,0,OTHER_PAGE,233,OTHER_PAGE,234,SKU,243,SKUSET,654,SKU,690,CART,695,OTHER_PAGE,904,1
OTHER_PAGE,0,SKU,78,CART,110,OTHER_PAGE,122,OTHER_PAGE,122,SKU,164,CART,195,OTHER_PAGE,223,0
CART,0,SKU,41,SKU,47,SKU,51,CART,67,CART,73,CART,77,SKU,144,1
OTHER_PAGE,0,OTHER_PAGE,134,SKU,154,OTHER_PAGE,632,OTHER_PAGE,2472,SKU,2477,OTHER_PAGE,2501,OTHER_PAGE,2760,0
OTHER_PAGE,0,SKU,391,SKU,396,SKU,396,OTHER_PAGE,643,OTHER_PAGE,644,OTHER_PAGE,827,CLASS,874,0
OTHER_PAGE,0,OTHER_PAGE,1,SKU,96,SKU,231,SKU,249,OTHER_PAGE,260,OTHER_PAGE,262,SKU,323,0
OTHER_PAGE,0,SKU,34,SKU,205,SKU,222,SKU,290,SKU,376,CLASS,432,SKU,496,0
OTHER_PAGE,0,OTHER_PAGE,148,OTHER_PAGE,528,OTHER_PAGE,542,OTHER_PAGE,542,OTHER_PAGE,554,SKU,592,OTHER_PAGE,663,0
OTHER_PAGE,0,SEARCH_RESULTS,17,SKU,151,SKU,202,SKU,539,SKU,652,CART,827,CART,887,0
OTHER_PAGE,0,CART,113,OTHER_PAGE,159,OTHER_PAGE,318,CLASS,443,CART,544,CART,567,CART,615,1
OTHER_PAGE,0,DEPARTMENT,65,CLASS,395,SKU,434,CLASS,469,OTHER_PAGE,484,CLASS,488,CLASS,519,0
OTHER_PAGE,0,SKU,34,OTHER_PAGE,139,OTHER_PAGE,139,SKU,204,SKU,282,OTHER_PAGE,346,SKU,363,0
